구분,이름,경도,위도
인증센터,영산하구둑인증센터,126.4457409,34.8019679
인증센터,느러지전망관람대인증센터,126.5416218,34.9147873
인증센터,죽산보인증센터,126.6264067,34.9707961
인증센터,승촌보인증센터,126.7614059,35.0653128
인증센터,낙동강하구둑인증센터,128.9479504,35.1084124
인증센터,담양대나무숲인증센터,126.8918793,35.2472386
인증센터,메타세쿼이아길인증센터,127.0169042,35.3318928
인증센터,양산물문화관인증센터,128.9742795,35.3156944
인증센터,담양댐인증센터,127.0182184,35.3712676
인증센터,창녕함안보인증센터,128.5507862,35.3772116
인증센터,합천창녕보인증센터,128.3615973,35.5908546
인증센터,달성보인증센터,128.4191659,35.7370155
인증센터,강정고령보인증센터,128.4626587,35.8419883
인증센터,금강하구둑인증센터,126.7645631,36.0206317
인증센터,칠곡보인증센터,128.4008044,36.0153244
인증센터,익산성당포구인증센터,126.9219245,36.1309589
인증센터,구미보인증센터,128.3494861,36.237332
인증센터,상주상풍교인증센터,128.2657686,36.4987732
인증센터,상주상풍교인증센터,128.2657686,36.4987732
인증센터,안동댐인증센터,128.7584247,36.5775627
인증센터,문경불정역인증센터,128.1408885,36.6557033
인증센터,이화령휴게소인증센터,128.0316497,36.7516429
인증센터,수안보온천인증센터,127.9894125,36.8487463
인증센터,충주탄금대인증센터,127.9033871,36.9893008
인증센터,충주탄금대인증센터,127.9033871,36.9893008
인증센터,충주댐인증센터,127.9786075,37.0111474
인증센터,강천보인증센터,127.6810436,37.2771209
인증센터,여주보인증센터,127.6051899,37.3263624
인증센터,이포보인증센터,127.5419457,37.4074712
인증센터,양평군립미술관인증센터,127.4848049,37.4982631
인증센터,능내역인증센터,127.2950394,37.52247656
인증센터,뚝섬전망콤플렉스인증센터,127.0601551,37.5321156
인증센터,여의도서울마리나인증센터,126.9452965,37.5181389
인증센터,광나루자전거공원인증센터,127.1202657,37.5465223
인증센터,아라서해갑문인증센터,126.6036738,37.55712258
인증센터,아라한강갑문인증센터,126.8003758,37.5987932
인증센터,아라한강갑문인증센터,126.8003758,37.5987932
인증센터,통일전망대(민통선내),128.4180703,38.5148799
인증센터,북천철교,128.4742228,38.4013521
인증센터,봉포해변인증센터,128.5750642,38.2405721
인증센터,영금정인증센타,128.6010058,38.2135984
인증센터,동호해변,128.6795389,38.0619767
인증센터,지경공원,128.8081075,37.9183524
인증센터,경포해변,128.9074109,37.8052348
인증센터,정동진,129.0380108,37.6875986
인증센터,망상해변,129.0940242,37.5899931
인증센터,추암촛대바위,129.1600637,37.4762048
인증센터,한재공원,129.1961864,37.4187068
인증센터,임원,129.3390237,37.2224473
인증센터,통일전망대(민통선외),128.4180703,38.5148799
인증센터,백제보인증센터,126.9421057,36.3173598
인증센터,낙단보인증센터,128.3065762,36.35898087
인증센터,상주보인증센터,128.2502622,36.4310878
인증센터,공주보인증센터,127.1003556,36.4604396
인증센터,대청댐인증센터,127.4821239,36.4743682
인증센터,비내섬인증센터,127.8094644,37.1103569
인증센터,밝은광장,127.3127745,37.5532934
인증센터,샛터삼거리,127.3704546,37.6623699
인증센터,경강교,127.5194727,37.8208531
인증센터,신매대교,127.7130532,37.9204597
인증센터,섬진강댐 인증센터,127.1495502,35.5207365
인증센터,장군목인증센터,127.2014591,35.4605009
인증센터,향가유원지인증센터,127.1885158,35.3385623
인증센터,횡탄정인증센터,127.3280266,35.3037168
인증센터,사성암인증센터,127.4696123,35.1823053
인증센터,남도대교인증센터,127.6211126,35.1855275
인증센터,배알도수변공원인증센터,127.7616758,34.959737
인증센터,매화마을인증센터,127.717136,35.0799344
인증센터,합강공원인증센터,127.3211249,36.5174854
인증센터,세종보인증센터,127.2600025,36.4767907
인증센터,용두암,126.5111212,33.5152202
인증센터,다락쉼터,126.3401181,33.4694715
인증센터,해거름마을공원,126.206496,33.369871
인증센터,송악산,126.2894245,33.2066978
인증센터,법환바당,126.5151134,33.235906
인증센터,쇠소깍,126.6232807,33.2523011
인증센터,표선해변,126.8407713,33.325435
인증센터,성산일출봉,126.9243719,33.4686728
인증센터,김녕성세기해변,126.7598338,33.5568554
인증센터,함덕서우봉해변,126.6726071,33.544168
인증센터,울진은어다리 인증센터,129.4071152,36.9768213
인증센터,망양휴계소 인증센터,129.420715,36.8722499
인증센터,월송정 인증센터,129.4621491,36.7440846
인증센터,고래불해변 인증센터,129.4120601,36.6005076
인증센터,해맞이공원 인증센터,129.434642,36.4284801
인증센터,행촌교차로인증센터,128.0005855,36.7659726
인증센터,백로공원인증센터,127.5830108,36.7874402
인증센터,괴강교인증센터,127.8226823,36.803981
인증센터,무심천교인증센터,127.44859,36.6787306
인증센터,팔당대교,127.237083,37.545692
인증센터,팔당대교,127.237083,37.545692
인증센터,목행교,127.9033871,37.020554
화장실,아라길,126.8001238,37.5992394
화장실,아라길,126.7720314,37.5825339
화장실,아라길,126.7545749,37.5738558
화장실,아라길,126.7410198,37.5730266
화장실,아라길,126.6778908,37.5705101
화장실,아라길,126.6733298,37.57104039
화장실,아라길,126.6711637,37.57119699
화장실,아라길,126.6638023,37.5717016
화장실,아라길,126.6581376,37.5712475
화장실,아라길,126.6176551,37.56402369
화장실,아라길,126.6063459,37.5579495
화장실,아라길,126.6171158,37.5652417
화장실,아라길,126.6633044,37.5734798
화장실,아라길,126.6752261,37.5723823
화장실,아라길,126.7398827,37.57467259
화장실,아라길,126.754836,37.5751928
화장실,한강종주길,126.9275363,37.53066879
화장실,한강종주길,126.9316861,37.52876909
화장실,한강종주길,126.9416291,37.5191995
화장실,한강종주길,126.9809816,37.5056622
화장실,한강종주길,126.9940725,37.50866082
화장실,한강종주길,127.051371,37.5288993
화장실,한강종주길,127.215801,37.5578996
화장실,한강종주길,127.2349864,37.54407844
화장실,한강종주길,127.2061489,37.5864601
화장실,한강종주길,127.1887027,37.59261149
화장실,한강종주길,127.1391557,37.5760013
화장실,한강종주길,127.1369611,37.57555627
화장실,한강종주길,127.1352612,37.57489519
화장실,한강종주길,127.0094548,37.51862862
화장실,한강종주길,127.0093135,37.51873441
화장실,한강종주길,127.074717,37.51899283
화장실,한강종주길,126.9934545,37.51903636
화장실,한강종주길,127.0935862,37.51958196
화장실,한강종주길,127.0942244,37.51969526
화장실,한강종주길,126.9155627,37.53482995
화장실,한강종주길,126.9039824,37.53724635
화장실,한강종주길,127.1140684,37.53851015
화장실,한강종주길,126.9297825,37.53065208
화장실,한강종주길,127.0632325,37.5314352
화장실,한강종주길,127.0625773,37.53218414
화장실,한강종주길,127.0605447,37.53225331
화장실,한강종주길,126.9263644,37.5321138
화장실,한강종주길,127.0074857,37.52843621
화장실,한강종주길,126.9525663,37.52830251
화장실,한강종주길,127.0208161,37.52887901
화장실,한강종주길,126.9316672,37.52860762
화장실,한강종주길,127.0023103,37.51307286
화장실,한강종주길,127.002397,37.51321276
화장실,한강종주길,127.0690951,37.52997959
화장실,한강종주길,127.067604,37.53007904
화장실,한강종주길,127.0664686,37.5300993
화장실,한강종주길,127.0675076,37.53010667
화장실,한강종주길,127.0690779,37.53012096
화장실,한강종주길,127.0673167,37.53017227
화장실,한강종주길,127.0672537,37.53018824
화장실,한강종주길,127.0665367,37.53025931
화장실,한강종주길,126.9295565,37.53052377
화장실,한강종주길,127.0995471,37.52248728
화장실,한강종주길,127.0019221,37.52360798
화장실,한강종주길,127.058496,37.53323422
화장실,한강종주길,126.9229817,37.5331274
화장실,한강종주길,126.9185107,37.53430176
화장실,한강종주길,127.0872305,37.51800496
화장실,한강종주길,127.0895805,37.51801338
화장실,한강종주길,127.0846417,37.51804348
화장실,한강종주길,127.0872123,37.51811268
화장실,한강종주길,127.0088526,37.51802104
화장실,한강종주길,126.970634,37.51792452
화장실,한강종주길,127.0768875,37.51855413
화장실,한강종주길,126.9807448,37.50546086
화장실,한강종주길,127.0954393,37.52012792
화장실,한강종주길,127.011853,37.5207966
화장실,한강종주길,127.0970827,37.5211289
화장실,한강종주길,126.960271,37.52173326
화장실,한강종주길,126.9836519,37.51582293
화장실,한강종주길,126.9872247,37.51617734
화장실,한강종주길,127.066236,37.51702631
화장실,한강종주길,127.0816559,37.51761713
화장실,한강종주길,127.0816699,37.51775405
화장실,한강종주길,127.0846619,37.51788678
화장실,한강종주길,127.0791223,37.51789979
화장실,한강종주길,126.991217,37.50706271
화장실,한강종주길,126.9918532,37.50764216
화장실,한강종주길,126.9648737,37.50973633
화장실,한강종주길,126.9972786,37.51005662
화장실,한강종주길,126.9974424,37.5101175
화장실,한강종주길,126.93753,37.5249581
화장실,한강종주길,126.9376571,37.52509475
화장실,한강종주길,127.0178205,37.52627172
화장실,한강종주길,127.1058525,37.52699357
화장실,한강종주길,127.0806468,37.5271511
화장실,한강종주길,127.0784829,37.52739871
화장실,한강종주길,127.0884243,37.52785462
화장실,한강종주길,127.0204117,37.52771498
화장실,한강종주길,126.934491,37.52744378
화장실,한강종주길,127.0747193,37.52833308
화장실,한강종주길,127.0739571,37.52834175
화장실,한강종주길,126.9807448,37.50546086
화장실,한강종주길,126.991217,37.50706271
화장실,한강종주길,126.9918532,37.50764216
화장실,한강종주길,126.9648737,37.50973633
화장실,한강종주길,126.9972786,37.51005662
화장실,한강종주길,126.9974424,37.5101175
화장실,한강종주길,127.0023103,37.51307286
화장실,한강종주길,127.002397,37.51321276
화장실,한강종주길,126.9836519,37.51582293
화장실,한강종주길,126.9872247,37.51617734
화장실,한강종주길,127.066236,37.51702631
화장실,한강종주길,127.0816559,37.51761713
화장실,한강종주길,127.0816699,37.51775405
화장실,한강종주길,127.0846619,37.51788678
화장실,한강종주길,127.0791223,37.51789979
화장실,한강종주길,127.0872305,37.51800496
화장실,한강종주길,127.0895805,37.51801338
화장실,한강종주길,127.0846417,37.51804348
화장실,한강종주길,127.0872123,37.51811268
화장실,한강종주길,127.0088526,37.51802104
화장실,한강종주길,126.970634,37.51792452
화장실,한강종주길,127.0768875,37.51855413
화장실,한강종주길,127.0094548,37.51862862
화장실,한강종주길,127.0093135,37.51873441
화장실,한강종주길,127.074717,37.51899283
화장실,한강종주길,126.9934545,37.51903636
화장실,한강종주길,127.0935862,37.51958196
화장실,한강종주길,127.0942244,37.51969526
화장실,한강종주길,127.0954393,37.52012792
화장실,한강종주길,127.011853,37.5207966
화장실,한강종주길,127.0970827,37.5211289
화장실,한강종주길,126.960271,37.52173326
화장실,한강종주길,127.0995471,37.52248728
화장실,한강종주길,127.0019221,37.52360798
화장실,한강종주길,126.93753,37.5249581
화장실,한강종주길,126.9376571,37.52509475
화장실,한강종주길,127.0178205,37.52627172
화장실,한강종주길,127.1058525,37.52699357
화장실,한강종주길,127.0806468,37.5271511
화장실,한강종주길,127.0784829,37.52739871
화장실,한강종주길,127.0884243,37.52785462
화장실,한강종주길,127.0204117,37.52771498
화장실,한강종주길,126.934491,37.52744378
화장실,한강종주길,127.0747193,37.52833308
화장실,한강종주길,127.0739571,37.52834175
화장실,한강종주길,127.0074857,37.52843621
화장실,한강종주길,126.9525663,37.52830251
화장실,한강종주길,127.0208161,37.52887901
화장실,한강종주길,126.9316672,37.52860762
화장실,한강종주길,127.0690951,37.52997959
화장실,한강종주길,127.067604,37.53007904
화장실,한강종주길,127.0664686,37.5300993
화장실,한강종주길,127.0675076,37.53010667
화장실,한강종주길,127.0690779,37.53012096
화장실,한강종주길,127.0673167,37.53017227
화장실,한강종주길,127.0672537,37.53018824
화장실,한강종주길,127.0665367,37.53025931
화장실,한강종주길,126.9295565,37.53052377
화장실,한강종주길,126.9297825,37.53065208
화장실,한강종주길,127.0632325,37.5314352
화장실,한강종주길,127.0625773,37.53218414
화장실,한강종주길,127.0605447,37.53225331
화장실,한강종주길,126.9263644,37.5321138
화장실,한강종주길,127.058496,37.53323422
화장실,한강종주길,126.9229817,37.5331274
화장실,한강종주길,126.9185107,37.53430176
화장실,한강종주길,126.9155627,37.53482995
화장실,한강종주길,126.9039824,37.53724635
화장실,한강종주길,127.1140684,37.53851015
화장실,한강종주길,126.9008265,37.53927255
화장실,한강종주길,127.0197035,37.54100494
화장실,한강종주길,127.0319903,37.54116805
화장실,한강종주길,126.8965188,37.54171611
화장실,한강종주길,127.1187263,37.54292096
화장실,한강종주길,127.0242732,37.54399522
화장실,한강종주길,126.8935261,37.54342756
화장실,한강종주길,127.1196944,37.54486272
화장실,한강종주길,127.1197622,37.54498509
화장실,한강종주길,126.8916521,37.54486652
화장실,한강종주길,127.1210691,37.5471948
화장실,한강종주길,127.1211355,37.54806741
화장실,한강종주길,127.1209593,37.54811245
화장실,한강종주길,126.8782225,37.55360218
화장실,한강종주길,127.1247384,37.55718869
화장실,한강종주길,127.2340525,37.55979148
화장실,한강종주길,127.119193,37.56545883
화장실,한강종주길,127.1570988,37.57008537
화장실,한강종주길,127.1572088,37.57025987
화장실,한강종주길,127.22534,37.57073215
화장실,한강종주길,126.851657,37.57008718
화장실,한강종주길,127.1328532,37.57447153
화장실,한강종주길,127.1343559,37.57503207
화장실,한강종주길,127.1350477,37.57538384
화장실,한강종주길,127.1371751,37.57585984
화장실,한강종주길,127.1427753,37.57626923
화장실,한강종주길,127.1572524,37.57943539
화장실,한강종주길,126.8243726,37.58287536
화장실,한강종주길,127.1685904,37.58522684
화장실,한강종주길,126.8214072,37.58483081
화장실,한강종주길,126.8189462,37.58549496
화장실,한강종주길,127.1757692,37.58930959
화장실,한강종주길,126.8061276,37.59393653
화장실,한강종주길,126.9008265,37.53927255
화장실,한강종주길,127.0197035,37.54100494
화장실,한강종주길,127.0319903,37.54116805
화장실,한강종주길,126.8965188,37.54171611
화장실,한강종주길,127.1187263,37.54292096
화장실,한강종주길,127.0242732,37.54399522
화장실,한강종주길,126.8935261,37.54342756
화장실,한강종주길,127.1196944,37.54486272
화장실,한강종주길,127.1197622,37.54498509
화장실,한강종주길,126.8916521,37.54486652
화장실,한강종주길,127.1210691,37.5471948
화장실,한강종주길,127.1211355,37.54806741
화장실,한강종주길,127.1209593,37.54811245
화장실,한강종주길,126.8782225,37.55360218
화장실,한강종주길,127.1247384,37.55718869
화장실,한강종주길,127.2340525,37.55979148
화장실,한강종주길,127.119193,37.56545883
화장실,한강종주길,127.1570988,37.57008537
화장실,한강종주길,127.1572088,37.57025987
화장실,한강종주길,127.22534,37.57073215
화장실,한강종주길,126.851657,37.57008718
화장실,한강종주길,127.1328532,37.57447153
화장실,한강종주길,127.1343559,37.57503207
화장실,한강종주길,127.1350477,37.57538384
화장실,한강종주길,127.1371751,37.57585984
화장실,한강종주길,127.1427753,37.57626923
화장실,한강종주길,127.1572524,37.57943539
화장실,한강종주길,126.8243726,37.58287536
화장실,한강종주길,127.1685904,37.58522684
화장실,한강종주길,126.8214072,37.58483081
화장실,한강종주길,126.8189462,37.58549496
화장실,한강종주길,127.1757692,37.58930959
화장실,한강종주길,126.8061276,37.59393653
화장실,남한강길,127.9165233,37.01397699
화장실,남한강길,127.9206873,37.0177735
화장실,남한강길,127.9659317,37.0178719
화장실,남한강길,127.8878614,36.9943328
화장실,남한강길,127.8676175,37.0479236
화장실,남한강길,127.8294892,37.08531349
화장실,남한강길,127.8021206,37.0934458
화장실,남한강길,127.8095494,37.1105131
화장실,남한강길,127.7768322,37.14992849
화장실,남한강길,127.7481536,37.20569209
화장실,남한강길,127.7509807,37.22716959
화장실,남한강길,127.7048313,37.23320939
화장실,남한강길,127.319941,37.54987979
화장실,남한강길,127.6980045,37.2320798
화장실,남한강길,127.6945535,37.235742
화장실,남한강길,127.3027965,37.5443784
화장실,남한강길,127.2963215,37.523576
화장실,남한강길,127.2871209,37.5255863
화장실,남한강길,127.2453182,37.5448214
화장실,남한강길,127.6677564,37.2935033
화장실,남한강길,127.6043536,37.326915
화장실,남한강길,127.6155404,37.32911679
화장실,남한강길,127.5496032,37.3858528
화장실,남한강길,127.5481124,37.3931299
화장실,남한강길,127.5437614,37.40512779
화장실,남한강길,127.5298708,37.43347009
화장실,남한강길,127.5303186,37.43356497
화장실,남한강길,127.5304884,37.4348871
화장실,남한강길,127.5315031,37.4330588
화장실,남한강길,127.5097985,37.4415587
화장실,남한강길,127.498697,37.4644532
화장실,남한강길,127.49854,37.47306479
화장실,남한강길,127.4966329,37.4824071
화장실,남한강길,127.4947416,37.4847592
화장실,남한강길,127.3420487,37.5381534
화장실,남한강길,127.369032,37.5288006
화장실,남한강길,127.4377673,37.51455469
화장실,북한강길,127.7131231,37.92016769
화장실,북한강길,127.6956835,37.9003725
화장실,북한강길,127.6920384,37.89264919
화장실,북한강길,127.6876858,37.8881131
화장실,북한강길,127.6742189,37.8411926
화장실,북한강길,127.6329777,37.814356
화장실,북한강길,127.4637289,37.7743756
화장실,북한강길,127.4283126,37.73277089
화장실,북한강길,127.4032124,37.7185254
화장실,북한강길,127.3921075,37.7066295
화장실,북한강길,127.383798,37.6929074
화장실,북한강길,127.3833293,37.69174579
화장실,북한강길,127.3806943,37.6832426
화장실,북한강길,127.3745845,37.6710798
화장실,북한강길,127.3688652,37.6612497
화장실,북한강길,127.3411159,37.6589616
화장실,북한강길,127.3389382,37.5944306
화장실,북한강길,127.3316715,37.580458
화장실,북한강길,127.3221412,37.5662663
화장실,북한강길,127.3131405,37.5575838
화장실,북한강길,127.3134445,37.55251139
화장실,새재길,128.2657582,36.4990222
화장실,새재길,128.2617294,36.51665519
화장실,새재길,128.211496,36.5394205
화장실,새재길,128.2155654,36.55438189
화장실,새재길,128.2100533,36.5931889
화장실,새재길,128.2134253,36.6025116
화장실,새재길,128.2086189,36.61567489
화장실,새재길,128.1410506,36.6553097
화장실,새재길,128.1405074,36.6564787
화장실,새재길,128.1287606,36.65477109
화장실,새재길,128.1408506,36.6557019
화장실,새재길,128.117908,36.6861935
화장실,새재길,128.1176775,36.6905467
화장실,새재길,128.117798,36.6907285
화장실,새재길,128.1159668,36.7236232
화장실,새재길,128.1102771,36.7272603
화장실,새재길,128.0831163,36.7418229
화장실,새재길,128.0318602,36.7515619
화장실,새재길,128.0013223,36.7633887
화장실,새재길,128.0231354,36.7910344
화장실,새재길,128.0242734,36.80517899
화장실,새재길,127.9888604,36.84827739
화장실,새재길,127.9676674,36.87260035
화장실,새재길,127.9244595,36.90015949
화장실,새재길,127.9230203,36.92349969
화장실,새재길,127.9007443,36.94303986
화장실,새재길,127.8939589,36.94301949
화장실,새재길,127.8925832,36.9437517
화장실,새재길,127.9055021,36.98758969
화장실,낙동강길,126.9191854,36.30490735
화장실,낙동강길,126.9418129,36.31746206
화장실,낙동강길,126.8763063,36.06615266
화장실,낙동강길,126.8809089,36.08008746
화장실,낙동강길,126.9259533,36.13074666
화장실,낙동강길,127.3192014,36.51774208
화장실,낙동강길,126.9296943,36.1341849
화장실,낙동강길,127.0108414,36.15910629
화장실,낙동강길,127.010878,36.15910652
화장실,낙동강길,127.0111687,36.16012011
화장실,낙동강길,127.0113375,36.16360978
화장실,낙동강길,127.3003466,36.50371123
화장실,낙동강길,127.1116226,36.46016592
화장실,낙동강길,127.1875966,36.44791182
화장실,낙동강길,127.0020133,36.18033499
화장실,낙동강길,126.9828556,36.19977774
화장실,낙동강길,126.8998076,36.27503223
화장실,낙동강길,126.8875951,36.27680854
화장실,낙동강길,126.751995,35.99905873
화장실,낙동강길,126.7585367,36.01361003
화장실,낙동강길,126.7619021,36.01935689
화장실,낙동강길,126.767724,36.02162937
화장실,낙동강길,126.7982855,36.02481843
화장실,낙동강길,126.8748667,36.06518875
화장실,낙동강길,127.1332674,36.46685228
화장실,낙동강길,127.4818128,36.4744043
화장실,낙동강길,127.2595913,36.4761722
화장실,낙동강길,127.1111755,36.460986
화장실,낙동강길,127.1106311,36.46139682
화장실,낙동강길,127.1014117,36.4615317
화장실,낙동강길,127.1110786,36.46240511
화장실,낙동강길,127.0972584,36.46467903
화장실,낙동강길,127.1236907,36.46508447
화장실,낙동강길,127.1362707,36.46519163
화장실,낙동강길,127.474937,36.474098
화장실,낙동강길,127.473549,36.472706
화장실,낙동강길,127.320801,36.517616
화장실,낙동강길,127.319984,36.518871
화장실,낙동강길,127.1325353,36.4680067
화장실,낙동강길,127.112976,36.462437
화장실,낙동강길,126.925819,36.301025
화장실,낙동강길,126.930672,36.134537
화장실,낙동강길,128.9763677,35.16654712
화장실,낙동강길,128.7143443,36.5523078
화장실,낙동강길,129.0091898,35.2525972
화장실,낙동강길,128.6003406,36.5575675
화장실,낙동강길,128.589412,36.5524828
화장실,낙동강길,128.9985041,35.29242929
화장실,낙동강길,128.9905406,35.29963769
화장실,낙동강길,128.9895346,35.29985453
화장실,낙동강길,128.9822319,35.30691303
화장실,낙동강길,128.9783869,35.3102886
화장실,낙동강길,128.5389431,36.556305
화장실,낙동강길,128.903547,35.36842073
화장실,낙동강길,128.9016462,35.3688353
화장실,낙동강길,128.836395,35.3907703
화장실,낙동강길,128.8260661,35.3849902
화장실,낙동강길,128.24028,36.4574464
화장실,낙동강길,128.7608871,35.35434279
화장실,낙동강길,128.2571587,36.445698
화장실,낙동강길,128.2523141,36.4376423
화장실,낙동강길,128.5113361,35.38991048
화장실,낙동강길,128.5090087,35.39110754
화장실,낙동강길,128.3319316,36.2963296
화장실,낙동강길,128.3493978,36.2371453
화장실,낙동강길,128.3447967,36.2439387
화장실,낙동강길,128.4488056,35.38997985
화장실,낙동강길,128.3562548,35.691395
화장실,낙동강길,128.4024335,35.69402622
화장실,낙동강길,128.473852,35.82367443
화장실,낙동강길,128.3944103,35.87271609
화장실,낙동강길,128.3910836,36.0710895
화장실,낙동강길,128.3898972,36.0778276
화장실,낙동강길,128.398712,35.95438589
화장실,낙동강길,128.3949565,35.9748117
화장실,낙동강길,128.3937749,35.98564007
화장실,금강길,126.7675868,36.0216428
화장실,금강길,126.7624809,36.01876869
화장실,금강길,126.7985926,36.02472366
화장실,금강길,126.8748704,36.0654237
화장실,금강길,126.876257,36.0662074
화장실,금강길,126.8776561,36.06699159
화장실,금강길,126.921658,36.13064497
화장실,금강길,126.9253968,36.13109019
화장실,금강길,126.9300952,36.1338221
화장실,금강길,127.0087558,36.15372
화장실,금강길,127.0089103,36.15617579
화장실,금강길,127.010833,36.1591125
화장실,금강길,127.0111404,36.15995369
화장실,금강길,127.0022629,36.1802015
화장실,금강길,126.9828976,36.19975703
화장실,금강길,126.9023834,36.26753105
화장실,금강길,126.8996056,36.27003299
화장실,금강길,126.8989302,36.27265621
화장실,금강길,126.8997343,36.2751253
화장실,금강길,126.8875776,36.2768276
화장실,금강길,126.8964251,36.29069109
화장실,금강길,126.9192573,36.3049885
화장실,금강길,126.9295927,36.30795546
화장실,금강길,126.9419024,36.3174335
화장실,금강길,126.9636346,36.32556463
화장실,금강길,126.9918505,36.35220219
화장실,금강길,127.1014957,36.4617433
화장실,금강길,127.1125026,36.46097096
화장실,금강길,127.1238112,36.465792
화장실,금강길,127.1280793,36.4699673
화장실,금강길,127.1335004,36.4667094
화장실,금강길,127.1306581,36.46843629
화장실,금강길,127.1359745,36.46535696
화장실,금강길,127.1394891,36.46359999
화장실,금강길,127.1875469,36.44795504
화장실,금강길,127.2595771,36.47626929
화장실,금강길,127.3004807,36.5037351
화장실,금강길,127.3005275,36.5042736
화장실,금강길,127.3192933,36.51774054
화장실,금강길,127.3400432,36.5172984
화장실,금강길,127.3401166,36.5179657
화장실,금강길,127.4796614,36.47489859
화장실,금강길,127.48181,36.4744149
화장실,금강길,127.3193189,36.5176562
화장실,영산강길,126.7342753,35.0268898
화장실,영산강길,126.735555,35.02166001
화장실,영산강길,126.719761,35.01179589
화장실,영산강길,126.7097655,34.9997443
화장실,영산강길,126.6026533,34.97491249
화장실,영산강길,126.5451096,34.920319
화장실,영산강길,126.5416438,34.91521119
화장실,영산강길,126.5147849,34.79689469
화장실,영산강길,126.5020741,34.7748058
화장실,영산강길,126.4458716,34.80225929
화장실,영산강길,127.0168524,35.3319625
화장실,영산강길,126.9869422,35.32449573
화장실,영산강길,126.949713,35.27939259
화장실,영산강길,126.861377,35.1877005
화장실,영산강길,126.8439,35.17779819
화장실,영산강길,126.8403873,35.17321179
화장실,영산강길,126.8313187,35.1456277
화장실,영산강길,126.82861,35.138531
화장실,영산강길,126.8581662,35.213459
화장실,영산강길,126.8578636,35.1982768
화장실,영산강길,126.7756583,35.06659956
화장실,섬진강길,127.1590802,35.48968099
화장실,섬진강길,127.1744339,35.4843712
화장실,섬진강길,127.1913613,35.49500069
화장실,섬진강길,127.1935235,35.4922861
화장실,섬진강길,127.2012691,35.460649
화장실,섬진강길,127.2027073,35.44069329
화장실,섬진강길,127.2182481,35.33579142
화장실,섬진강길,127.2548442,35.31492503
화장실,섬진강길,127.2225136,35.4023142
화장실,섬진강길,127.2207806,35.400268
화장실,섬진강길,127.2074495,35.3937208
화장실,섬진강길,127.3152069,35.309374
화장실,섬진강길,127.1957215,35.3721753
화장실,섬진강길,127.1958268,35.3712769
화장실,섬진강길,127.3280437,35.3038881
화장실,섬진강길,127.1868149,35.3470581
화장실,섬진강길,127.1880676,35.33884289
화장실,섬진강길,127.2311806,35.3368147
화장실,섬진강길,127.3323737,35.27577069
화장실,섬진강길,127.3581145,35.2500435
화장실,섬진강길,127.3616996,35.2491017
화장실,섬진강길,127.3727097,35.23632149
화장실,섬진강길,127.384047,35.19097689
화장실,섬진강길,127.4073763,35.1903536
화장실,섬진강길,127.4702176,35.18172595
화장실,섬진강길,127.4691317,35.17038887
화장실,섬진강길,127.4656638,35.16431999
화장실,섬진강길,127.4643766,35.1627864
화장실,섬진강길,127.5244216,35.18379869
화장실,섬진강길,127.5428485,35.1811128
화장실,섬진강길,127.5478186,35.1882446
화장실,섬진강길,127.5610141,35.19180712
화장실,섬진강길,127.607547,35.19677989
화장실,섬진강길,127.6212283,35.18455459
화장실,섬진강길,127.6411678,35.165935
화장실,섬진강길,127.6914224,35.12512379
화장실,섬진강길,127.6926403,35.10228348
화장실,섬진강길,127.7060562,35.08772058
화장실,섬진강길,127.7167715,35.07962584
화장실,섬진강길,127.7355947,35.0685949
화장실,섬진강길,127.7360758,35.06759084
화장실,섬진강길,127.748229,35.05698159
화장실,섬진강길,127.7817664,35.01731788
화장실,섬진강길,127.7838287,35.00824544
화장실,섬진강길,127.7608583,34.97902435
화장실,섬진강길,127.7606997,34.97532759
화장실,섬진강길,127.7582693,34.97262048
화장실,섬진강길,127.7580698,34.9677336
화장실,섬진강길,127.7564829,34.9586171
화장실,섬진강길,127.7592383,34.96007419
화장실,섬진강길,127.7592964,34.9599337
화장실,오천길,127.9865873,36.77039969
화장실,오천길,127.9334989,36.78399399
화장실,오천길,127.8893575,36.7893229
화장실,오천길,127.8684075,36.7890885
화장실,오천길,127.8634742,36.788802
화장실,오천길,127.8538221,36.78856428
화장실,오천길,127.8471561,36.7861802
화장실,오천길,127.8450656,36.7850238
화장실,오천길,127.8392967,36.789758
화장실,오천길,127.8257958,36.79644829
화장실,오천길,127.8241223,36.7993501
화장실,오천길,127.7693798,36.78881029
화장실,오천길,127.7587101,36.7961864
화장실,오천길,127.7122025,36.79889331
화장실,오천길,127.6793191,36.80808764
화장실,오천길,127.475953,36.71254629
화장실,오천길,127.2945317,36.53993029
화장실,오천길,127.2977254,36.56026704
화장실,오천길,127.3025845,36.58327536
화장실,오천길,127.3108763,36.5844297
화장실,오천길,127.3384124,36.60137524
화장실,오천길,127.3469949,36.62035605
화장실,오천길,127.350346,36.63042686
화장실,오천길,127.367431,36.64753926
화장실,오천길,127.4166538,36.68268131
화장실,오천길,127.435115,36.68052499
화장실,오천길,127.4458094,36.67782811
화장실,오천길,127.3193189,36.5176562
화장실,동해안(강원)길,129.4094451,37.0232389
화장실,동해안(강원)길,129.4157378,37.03355189
화장실,동해안(강원)길,129.4139549,37.0392317
화장실,동해안(강원)길,129.4127612,37.0428111
화장실,동해안(강원)길,129.4126126,37.0440698
화장실,동해안(강원)길,129.4148721,37.0539114
화장실,동해안(강원)길,129.4282015,37.05824299
화장실,동해안(강원)길,129.1621701,37.4737681
화장실,동해안(강원)길,129.3761006,37.10663959
화장실,동해안(강원)길,129.160383,37.47440189
화장실,동해안(강원)길,129.3540075,37.160663
화장실,동해안(강원)길,129.3431318,37.1629135
화장실,동해안(강원)길,129.1197381,37.5611002
화장실,동해안(강원)길,129.1192165,37.5669596
화장실,동해안(강원)길,129.1137292,37.57995559
화장실,동해안(강원)길,129.1106381,37.5809912
화장실,동해안(강원)길,129.3293596,37.1780404
화장실,동해안(강원)길,129.0904889,37.59182879
화장실,동해안(강원)길,129.0904889,37.59182879
화장실,동해안(강원)길,129.0885431,37.59316199
화장실,동해안(강원)길,129.0876681,37.5940565
화장실,동해안(강원)길,129.0452487,37.6344646
화장실,동해안(강원)길,129.0438049,37.63833659
화장실,동해안(강원)길,129.0433437,37.64214919
화장실,동해안(강원)길,129.0475503,37.6494221
화장실,동해안(강원)길,129.0512317,37.65268439
화장실,동해안(강원)길,129.3229781,37.27221659
화장실,동해안(강원)길,129.0422353,37.6807498
화장실,동해안(강원)길,129.3223519,37.2811934
화장실,동해안(강원)길,129.0403116,37.6860546
화장실,동해안(강원)길,129.0376819,37.6871366
화장실,동해안(강원)길,129.3085462,37.28668619
화장실,동해안(강원)길,129.2829917,37.312023
화장실,동해안(강원)길,129.2704228,37.3179834
화장실,동해안(강원)길,129.2656695,37.32358749
화장실,동해안(강원)길,129.2288208,37.3673678
화장실,동해안(강원)길,129.210554,37.4034567
화장실,동해안(강원)길,129.2351456,37.38803429
화장실,동해안(강원)길,129.2255978,37.3934209
화장실,동해안(강원)길,129.2337923,37.38910219
화장실,동해안(강원)길,129.2310042,37.3904615
화장실,동해안(강원)길,129.1884419,37.4507811
화장실,동해안(강원)길,129.1851046,37.4567349
화장실,동해안(강원)길,129.1764754,37.46387654
화장실,동해안(강원)길,129.1669101,37.4693127
화장실,동해안(강원)길,129.0339023,37.6905858
화장실,동해안(강원)길,129.0046024,37.7179539
화장실,동해안(강원)길,128.9904641,37.73239179
화장실,동해안(강원)길,128.9893322,37.7351253
화장실,동해안(강원)길,128.9845624,37.74121499
화장실,동해안(강원)길,128.9074781,37.80573295
화장실,동해안(강원)길,128.9032479,37.8083221
화장실,동해안(강원)길,128.8979186,37.81270927
화장실,동해안(강원)길,128.8931579,37.81595962
화장실,동해안(강원)길,128.8786797,37.82885118
화장실,동해안(강원)길,128.8413743,37.87156938
화장실,동해안(강원)길,128.8366103,37.87628043
화장실,동해안(강원)길,128.8287533,37.89115063
화장실,동해안(강원)길,128.829149,37.89242635
화장실,동해안(강원)길,128.8302434,37.89405258
화장실,동해안(강원)길,128.8332982,37.89464435
화장실,동해안(강원)길,128.8339688,37.89927748
화장실,동해안(강원)길,128.8235844,37.90723313
화장실,동해안(강원)길,128.818474,37.91101077
화장실,동해안(강원)길,128.801059,37.92331319
화장실,동해안(강원)길,128.792003,37.93107893
화장실,동해안(강원)길,128.7883244,37.9398587
화장실,동해안(강원)길,128.7854752,37.94262665
화장실,동해안(강원)길,128.7869042,37.94518181
화장실,동해안(강원)길,128.7661599,37.9612502
화장실,동해안(강원)길,128.762459,37.96793469
화장실,동해안(강원)길,128.7621396,37.97044022
화장실,동해안(강원)길,128.760205,37.9726711
화장실,동해안(강원)길,128.7591917,37.97481637
화장실,동해안(강원)길,128.7306514,38.00668339
화장실,동해안(강원)길,128.7308559,38.00897692
화장실,동해안(강원)길,128.7237205,38.0199404
화장실,동해안(강원)길,128.7248431,38.02251646
화장실,동해안(강원)길,128.7233583,38.02346233
화장실,동해안(강원)길,128.631842,38.11643257
화장실,동해안(강원)길,128.6291104,38.11933189
화장실,동해안(강원)길,128.6232485,38.1294646
화장실,동해안(강원)길,128.622239,38.13061569
화장실,동해안(강원)길,128.6166236,38.13797579
화장실,동해안(강원)길,128.6080053,38.15361073
화장실,동해안(강원)길,128.6098298,38.15693112
화장실,동해안(강원)길,128.6083734,38.16363802
화장실,동해안(강원)길,128.6092189,38.1757306
화장실,동해안(강원)길,128.6053545,38.18714929
화장실,동해안(강원)길,128.5940679,38.20919016
화장실,동해안(강원)길,128.6011102,38.21283672
화장실,동해안(강원)길,128.5947659,38.2175602
화장실,동해안(강원)길,128.5891437,38.2242283
화장실,동해안(강원)길,128.588128,38.2264926
화장실,동해안(강원)길,128.5743336,38.2411108
화장실,동해안(강원)길,128.5599246,38.2600856
화장실,동해안(강원)길,128.5571453,38.26495329
화장실,동해안(강원)길,128.5589581,38.26593509
화장실,동해안(강원)길,128.5563652,38.26802929
화장실,동해안(강원)길,128.4695869,38.4124412
화장실,동해안(강원)길,128.5563652,38.26802929
화장실,동해안(강원)길,128.4544381,38.4396043
화장실,동해안(강원)길,128.5527826,38.27659037
화장실,동해안(강원)길,128.4547949,38.4435935
화장실,동해안(강원)길,128.5527077,38.2784764
화장실,동해안(강원)길,128.5474834,38.2898853
화장실,동해안(강원)길,128.5455401,38.29988023
화장실,동해안(강원)길,128.5452241,38.3008848
화장실,동해안(강원)길,128.5481827,38.30282954
화장실,동해안(강원)길,128.5423973,38.3087076
화장실,동해안(강원)길,128.5355101,38.31388002
화장실,동해안(강원)길,128.5310432,38.31697678
화장실,동해안(강원)길,128.5268045,38.32256457
화장실,동해안(강원)길,128.5269509,38.32627349
화장실,동해안(강원)길,128.4174169,38.5149025
화장실,동해안(강원)길,128.4192786,38.5110083
화장실,동해안(강원)길,128.425155,38.50381959
화장실,동해안(강원)길,128.5110341,38.3542425
화장실,동해안(강원)길,128.4254849,38.4988979
화장실,동해안(강원)길,128.425327,38.5014907
화장실,동해안(강원)길,128.5086313,38.3576498
화장실,동해안(강원)길,128.4290689,38.4942089
화장실,동해안(강원)길,128.4339708,38.4872786
화장실,동해안(강원)길,128.437295,38.4809803
화장실,동해안(강원)길,128.4373861,38.4786094
화장실,동해안(강원)길,128.4442985,38.46602239
화장실,동해안(강원)길,128.4534746,38.4584298
화장실,동해안(강원)길,128.466557,38.45020879
화장실,동해안(강원)길,128.4657814,38.448657
화장실,동해안(강원)길,128.4622065,38.4488776
화장실,동해안(강원)길,128.4574945,38.4476268
화장실,동해안(경북)길,129.4345797,36.42703459
화장실,동해안(경북)길,129.4337678,36.4287198
화장실,동해안(경북)길,129.4334236,36.43552819
화장실,동해안(경북)길,129.4339576,36.441875
화장실,동해안(경북)길,129.4352874,36.45854499
화장실,동해안(경북)길,129.4329718,36.4821388
화장실,동해안(경북)길,129.4351781,36.48416919
화장실,동해안(경북)길,129.438836,36.4863475
화장실,동해안(경북)길,129.442484,36.4881273
화장실,동해안(경북)길,129.442427,36.505773
화장실,동해안(경북)길,129.449639,36.50586309
화장실,동해안(경북)길,129.4481829,36.5106068
화장실,동해안(경북)길,129.4432803,36.51260719
화장실,동해안(경북)길,129.4413976,36.5251922
화장실,동해안(경북)길,129.4388798,36.5450726
화장실,동해안(경북)길,129.4339118,36.55728019
화장실,동해안(경북)길,129.4325544,36.5589018
화장실,동해안(경북)길,129.4298184,36.56326029
화장실,동해안(경북)길,129.4265704,36.5645362
화장실,동해안(경북)길,129.4229619,36.5676673
화장실,동해안(경북)길,129.4091101,36.59339419
화장실,동해안(경북)길,129.410521,36.5989298
화장실,동해안(경북)길,129.4120532,36.6001348
화장실,동해안(경북)길,129.4142036,36.60009329
화장실,동해안(경북)길,129.411838,36.61718579
화장실,동해안(경북)길,129.4136859,36.6261643
화장실,동해안(경북)길,129.4213952,36.64344139
화장실,동해안(경북)길,129.4335501,36.6648949
화장실,동해안(경북)길,129.444759,36.6766293
화장실,동해안(경북)길,129.4464729,36.6776336
화장실,동해안(경북)길,129.4624666,36.6791894
화장실,동해안(경북)길,129.4648202,36.6807153
화장실,동해안(경북)길,129.4642105,36.6821523
화장실,동해안(경북)길,129.4643833,36.68524949
화장실,동해안(경북)길,129.4750749,36.6983191
화장실,동해안(경북)길,129.4759861,36.69935059
화장실,동해안(경북)길,129.4721015,36.71680559
화장실,동해안(경북)길,129.4754181,36.7254701
화장실,동해안(경북)길,129.469471,36.73938249
화장실,동해안(경북)길,129.4720504,36.7609021
화장실,동해안(경북)길,129.4778604,36.76792729
화장실,동해안(경북)길,129.4491009,36.82222009
화장실,동해안(경북)길,129.4455962,36.82932289
화장실,동해안(경북)길,129.4336038,36.8427713
화장실,동해안(경북)길,129.4308744,36.84560042
화장실,동해안(경북)길,129.4227927,36.86046059
화장실,동해안(경북)길,129.420715,36.87224989
화장실,동해안(경북)길,129.4156718,36.88636879
화장실,동해안(경북)길,129.4155248,36.8888429
화장실,동해안(경북)길,129.4177545,36.89374096
화장실,동해안(경북)길,129.41561,36.9072065
화장실,동해안(경북)길,129.4178946,36.9189956
화장실,동해안(경북)길,129.4197342,36.93608569
화장실,동해안(경북)길,129.4197342,36.93608569
화장실,동해안(경북)길,129.4169264,36.9555113
화장실,동해안(경북)길,129.4151671,36.9603138
화장실,동해안(경북)길,129.4122226,36.9690131
화장실,동해안(경북)길,129.4119832,36.96825853
화장실,동해안(경북)길,129.4017377,36.96756883
화장실,동해안(경북)길,129.4100554,36.97267989
화장실,동해안(경북)길,129.4076541,36.9766455
화장실,제주환상길,126.5117578,33.51520131
화장실,제주환상길,126.4875963,33.51833981
화장실,제주환상길,126.4764863,33.50900044
화장실,제주환상길,126.4668873,33.5048347
화장실,제주환상길,126.4534688,33.49784407
화장실,제주환상길,126.449546,33.49743774
화장실,제주환상길,126.4416957,33.49699796
화장실,제주환상길,126.3766172,33.48373611
화장실,제주환상길,126.36924,33.47816363
화장실,제주환상길,126.2787014,33.4424964
화장실,제주환상길,126.2627432,33.41912609
화장실,제주환상길,126.2388745,33.39325161
화장실,제주환상길,126.2357914,33.3899983
화장실,제주환상길,126.2065657,33.3705279
화장실,제주환상길,126.1742023,33.3427148
화장실,제주환상길,126.1665106,33.33800248
화장실,제주환상길,126.1669148,33.32289745
화장실,제주환상길,126.1639734,33.30740912
화장실,제주환상길,126.1710455,33.27648935
화장실,제주환상길,126.2610355,33.21134029
화장실,제주환상길,126.2892311,33.2067853
화장실,제주환상길,126.3539566,33.25813688
화장실,제주환상길,126.3817662,33.2639522
화장실,제주환상길,126.4196262,33.2447094
화장실,제주환상길,126.4268794,33.24158678
화장실,제주환상길,126.4899363,33.23442147
화장실,제주환상길,126.5144904,33.2352683
화장실,제주환상길,126.5565999,33.24688487
화장실,제주환상길,126.5678025,33.2422267
화장실,제주환상길,126.5694828,33.2433241
화장실,제주환상길,126.5712513,33.2454504
화장실,제주환상길,126.5740298,33.24474435
화장실,제주환상길,126.6072602,33.2392082
화장실,제주환상길,126.6222742,33.25140248
화장실,제주환상길,126.6227503,33.25254944
화장실,제주환상길,126.7197424,33.2777809
화장실,제주환상길,126.8402352,33.3252625
화장실,제주환상길,126.8859396,33.38541108
화장실,제주환상길,126.9292029,33.46853321
화장실,제주환상길,126.923369,33.4691541
화장실,제주환상길,126.9108661,33.49664233
화장실,제주환상길,126.8988306,33.51351008
화장실,제주환상길,126.8913037,33.5277799
화장실,제주환상길,126.8617714,33.52480499
화장실,제주환상길,126.8579232,33.52586692
화장실,제주환상길,126.8568066,33.52779553
화장실,제주환상길,126.8408109,33.53319808
화장실,제주환상길,126.8405985,33.53670391
화장실,제주환상길,126.7621281,33.55721826
화장실,제주환상길,126.7604262,33.55685991
화장실,제주환상길,126.6740355,33.54427969
화장실,제주환상길,126.671866,33.54275322
화장실,제주환상길,126.6700236,33.5427354
화장실,제주환상길,126.6437622,33.55338767
화장실,제주환상길,126.6077056,33.52434565
화장실,제주환상길,126.5841174,33.52562705
화장실,제주환상길,126.5655259,33.5245199
화장실,제주환상길,126.5645185,33.5252774
화장실,제주환상길,126.5473117,33.51880347
화장실,제주환상길,126.5453141,33.5207064
화장실,제주환상길,126.5152246,33.51303948
급수대,아라길,126.6778908,37.5705101
급수대,한강종주길,126.9008028,37.5393953
급수대,한강종주길,126.9649303,37.5097125
급수대,한강종주길,127.1369611,37.57555627
급수대,한강종주길,127.1352866,37.57433439
급수대,한강종주길,127.0745385,37.51886621
급수대,한강종주길,127.0923414,37.51903239
급수대,한강종주길,127.1123165,37.53701728
급수대,한강종주길,126.9040577,37.53716249
급수대,한강종주길,126.9044618,37.53765832
급수대,한강종주길,127.1137134,37.5386075
급수대,한강종주길,127.1143182,37.53938769
급수대,한강종주길,126.9022218,37.53850581
급수대,한강종주길,126.9276809,37.53066797
급수대,한강종주길,126.9276994,37.53068124
급수대,한강종주길,127.0630368,37.53150757
급수대,한강종주길,127.0721632,37.52865701
급수대,한강종주길,127.0712273,37.52915858
급수대,한강종주길,127.0711509,37.52959141
급수대,한강종주길,127.0207643,37.52950583
급수대,한강종주길,127.0001472,37.51191918
급수대,한강종주길,127.0012306,37.51254302
급수대,한강종주길,127.0052927,37.51526125
급수대,한강종주길,127.06887,37.53029608
급수대,한강종주길,127.0666765,37.53038364
급수대,한강종주길,127.0642055,37.53114355
급수대,한강종주길,127.0131592,37.52312661
급수대,한강종주길,127.0016333,37.52322852
급수대,한강종주길,127.0141095,37.52388505
급수대,한강종주길,127.0589433,37.53277348
급수대,한강종주길,126.9185131,37.53401053
급수대,한강종주길,126.918533,37.53405695
급수대,한강종주길,126.9129624,37.53437103
급수대,한강종주길,127.0743959,37.51843423
급수대,한강종주길,127.0083218,37.51844036
급수대,한강종주길,127.0959045,37.52098268
급수대,한강종주길,127.01054,37.52091398
급수대,한강종주길,126.9592917,37.52141973
급수대,한강종주길,127.0122991,37.52172507
급수대,한강종주길,126.969581,37.51702416
급수대,한강종주길,126.9687939,37.51736389
급수대,한강종주길,126.9896391,37.50669372
급수대,한강종주길,126.9927576,37.50824145
급수대,한강종주길,126.9944462,37.50883293
급수대,한강종주길,126.9971631,37.51028292
급수대,한강종주길,127.0171072,37.52596226
급수대,한강종주길,127.0168453,37.52631533
급수대,한강종주길,127.1050906,37.52732294
급수대,한강종주길,127.0183434,37.52742156
급수대,한강종주길,127.0197999,37.52743728
급수대,한강종주길,127.0757868,37.52791865
급수대,한강종주길,126.9335072,37.52735859
급수대,한강종주길,126.9335307,37.52736974
급수대,한강종주길,127.0741159,37.52826595
급수대,한강종주길,127.0738405,37.52844369
급수대,한강종주길,127.1150814,37.54033532
급수대,한강종주길,127.0194737,37.54069197
급수대,한강종주길,127.1158682,37.5412612
급수대,한강종주길,126.8977982,37.54110219
급수대,한강종주길,126.8970132,37.54159501
급수대,한강종주길,127.0217027,37.54222259
급수대,한강종주길,127.0224256,37.54256075
급수대,한강종주길,127.1187014,37.54298012
급수대,한강종주길,126.8964779,37.54255793
급수대,한강종주길,127.0234305,37.54336686
급수대,한강종주길,126.8928091,37.54395566
급수대,한강종주길,127.1196298,37.54495017
급수대,한강종주길,127.1207946,37.54801624
급수대,한강종주길,127.1213818,37.54963555
급수대,한강종주길,127.1217072,37.55052626
급수대,한강종주길,127.1225608,37.55273204
급수대,한강종주길,127.1226482,37.55302616
급수대,한강종주길,127.1230636,37.5539285
급수대,한강종주길,126.8516087,37.5701341
급수대,한강종주길,127.1309315,37.57349522
급수대,한강종주길,127.1352368,37.57432732
급수대,한강종주길,127.1351253,37.57514641
급수대,한강종주길,126.8248032,37.58325065
급수대,한강종주길,126.8223829,37.58384823
급수대,한강종주길,126.8191066,37.58570854
급수대,한강종주길,126.8174322,37.58596155
급수대,남한강길,127.9206266,37.0177485
급수대,남한강길,127.66858,37.2938736
급수대,남한강길,127.6651335,37.29396809
급수대,남한강길,127.5303186,37.43356497
급수대,남한강길,127.528925,37.43516059
급수대,남한강길,127.4986333,37.47513667
급수대,남한강길,127.4970766,37.4829177
급수대,남한강길,127.437664,37.5146106
급수대,새재길,128.2156011,36.55425919
급수대,새재길,128.1408506,36.6557019
급수대,새재길,128.1178453,36.69082499
급수대,낙동강길,126.877457,36.06724644
급수대,낙동강길,127.0109083,36.16029227
급수대,낙동강길,126.7570735,36.01093499
급수대,낙동강길,126.8746446,36.06538789
급수대,낙동강길,127.1332994,36.4666813
급수대,낙동강길,127.1304445,36.46832133
급수대,낙동강길,127.1278883,36.46979177
급수대,낙동강길,127.1382686,36.46411494
급수대,낙동강길,127.1362176,36.46516785
급수대,낙동강길,128.5913996,36.5522612
급수대,낙동강길,128.589412,36.5524828
급수대,낙동강길,128.9781484,35.31042
급수대,낙동강길,128.254433,36.45283845
급수대,낙동강길,128.2529017,36.437486
급수대,낙동강길,128.2521196,36.43703402
급수대,낙동강길,128.3408576,35.57024614
급수대,낙동강길,128.472083,35.8139842
급수대,낙동강길,128.4740133,35.8229784
급수대,낙동강길,128.3934888,35.87112361
급수대,낙동강길,128.3987287,35.95317239
급수대,금강길,126.7637035,36.0208012
급수대,금강길,126.7623487,36.0198033
급수대,금강길,126.8748704,36.0654237
급수대,금강길,126.8775366,36.0671549
급수대,금강길,126.9299581,36.1338439
급수대,금강길,127.0109506,36.16013749
급수대,금강길,126.89955,36.2698025
급수대,금강길,126.914888,36.3007199
급수대,금강길,126.9421316,36.3173086
급수대,금강길,127.1111512,36.4614288
급수대,금강길,127.1278085,36.4698019
급수대,금강길,127.1332954,36.46668409
급수대,금강길,127.1306434,36.4682338
급수대,금강길,127.1362102,36.4651723
급수대,금강길,127.1876651,36.4475156
급수대,금강길,127.2592386,36.47641639
급수대,금강길,127.2581978,36.4743384
급수대,영산강길,126.7613409,35.0654622
급수대,영산강길,126.6271837,34.9707605
급수대,영산강길,126.5416438,34.91521119
급수대,영산강길,127.0168868,35.3318944
급수대,영산강길,126.9871553,35.32469209
급수대,영산강길,126.9504666,35.2785043
급수대,영산강길,126.8439,35.17779819
급수대,영산강길,126.8581662,35.213459
급수대,섬진강길,127.1958944,35.37107269
급수대,섬진강길,127.4072432,35.1902263
급수대,섬진강길,127.5428485,35.1811128
급수대,섬진강길,127.7481126,35.0569523
급수대,섬진강길,127.7611656,34.97901847
급수대,섬진강길,127.7570479,34.95863009
급수대,섬진강길,127.7607341,34.96008768
급수대,섬진강길,127.7590575,34.9597601
급수대,오천길,127.7941713,36.8067844
급수대,오천길,127.5830108,36.7874402
급수대,동해안(강원)길,129.3417837,37.16307478
급수대,동해안(강원)길,129.0945045,37.5902006
급수대,동해안(강원)길,129.0879642,37.5934702
급수대,동해안(강원)길,129.0840322,37.59587799
급수대,동해안(강원)길,129.2256934,37.3936317
급수대,동해안(강원)길,129.23169,37.39014029
급수대,동해안(강원)길,129.1667389,37.4692923
급수대,동해안(강원)길,128.9073004,37.8054121
급수대,동해안(강원)길,128.8035034,37.92165989
급수대,동해안(강원)길,128.7778135,37.9490947
급수대,동해안(강원)길,128.7624046,37.96791919
급수대,동해안(강원)길,128.7591917,37.97481637
급수대,동해안(강원)길,128.7248096,38.02257335
급수대,동해안(강원)길,128.7231588,38.02369149
급수대,동해안(강원)길,128.5745375,38.2410674
급수대,동해안(강원)길,128.5462065,38.30129679
급수대,동해안(강원)길,128.5423973,38.3087076
급수대,동해안(강원)길,128.4190448,38.51035979
급수대,동해안(강원)길,128.4339708,38.4872786
급수대,동해안(강원)길,128.4375059,38.4816119
급수대,동해안(강원)길,128.437295,38.4809803
급수대,동해안(강원)길,128.4364813,38.48160129
급수대,동해안(강원)길,128.4377142,38.47917839
급수대,동해안(경북)길,129.4262686,36.56488629
급수대,동해안(경북)길,129.4094577,36.5933866
급수대,동해안(경북)길,129.4574802,36.8030933
급수대,동해안(경북)길,129.4345205,36.8418468
급수대,동해안(경북)길,129.4333099,36.8430679
급수대,동해안(경북)길,129.4157495,36.9068691
급수대,제주환상길,126.5112599,33.5151127
급수대,제주환상길,126.2389835,33.3941464
급수대,제주환상길,126.2352271,33.38958517
급수대,제주환상길,126.7627924,33.5583119
급수대,제주환상길,126.7596374,33.5569975
급수대,제주환상길,126.7601247,33.5573731
급수대,제주환상길,126.6740355,33.54427969
급수대,제주환상길,126.6685902,33.5428262
급수대,제주환상길,126.5472286,33.5188334
공기주입기,한강종주길,127.2394339,37.5482986
공기주입기,남한강길,127.6810669,37.2772614
공기주입기,남한강길,127.6046251,37.32691449
공기주입기,남한강길,127.4968856,37.4825928
공기주입기,남한강길,127.4850877,37.4981089
공기주입기,북한강길,127.7130823,37.9203294
공기주입기,북한강길,127.6925812,37.89239869
공기주입기,북한강길,127.6743073,37.8634377
공기주입기,새재길,128.2108405,36.5927348
공기주입기,새재길,128.1178958,36.6906694
공기주입기,새재길,128.0316681,36.75168409
공기주입기,새재길,127.9238118,36.8998565
공기주입기,새재길,127.8914748,36.951805
공기주입기,새재길,127.9044379,36.98737249
공기주입기,낙동강길,128.7585608,36.5775136
공기주입기,낙동강길,128.9477944,35.1084298
공기주입기,낙동강길,128.6327185,36.5465035
공기주입기,낙동강길,128.589412,36.5524828
공기주입기,낙동강길,128.5389431,36.556305
공기주입기,낙동강길,128.9036321,35.36838119
공기주입기,낙동강길,128.8361708,35.3907428
공기주입기,낙동강길,128.2550725,36.4539871
공기주입기,낙동강길,128.3001627,36.4078124
공기주입기,낙동강길,128.2986044,36.3587617
공기주입기,낙동강길,128.2917399,36.3489795
공기주입기,낙동강길,128.3319316,36.2963296
공기주입기,낙동강길,128.387667,36.12873599
공기주입기,낙동강길,128.3562754,35.6913839
공기주입기,낙동강길,128.3929103,35.69619913
공기주입기,낙동강길,128.4008044,36.0153244
공기주입기,금강길,126.7644573,36.0208548
공기주입기,금강길,126.876257,36.0662074
공기주입기,금강길,127.1330103,36.46672169
공기주입기,영산강길,126.7613683,35.0653039
공기주입기,영산강길,126.82861,35.138531
공기주입기,섬진강길,127.2014591,35.4605009
공기주입기,섬진강길,127.1885158,35.3385623
공기주입기,섬진강길,127.4696123,35.18230529
공기주입기,오천길,127.8236161,36.79959899
공기주입기,오천길,127.3211249,36.51748539
공기주입기,오천길,127.2939228,36.53701089
공기주입기,오천길,127.3027447,36.5832816
공기주입기,오천길,127.3467261,36.61971929
공기주입기,오천길,127.3514641,36.6299411
공기주입기,오천길,127.4167506,36.6790232
공기주입기,오천길,127.4248888,36.6793799
공기주입기,오천길,127.4459936,36.6784977
공기주입기,동해안(강원)길,129.1204967,37.5211155
공기주입기,동해안(강원)길,129.3390237,37.2224473
공기주입기,동해안(강원)길,129.227893,37.3776363
공기주입기,동해안(경북)길,129.4433203,36.5128848
공기주입기,동해안(경북)길,129.4121221,36.60050049
공기주입기,제주환상길,126.5113808,33.5150632
공기주입기,제주환상길,126.3401319,33.4695248
공기주입기,제주환상길,126.206496,33.369871
공기주입기,제주환상길,126.2894245,33.2066978
공기주입기,제주환상길,126.5151134,33.235906
공기주입기,제주환상길,126.6232807,33.2523011
공기주입기,제주환상길,126.8407713,33.325435
공기주입기,제주환상길,126.9243369,33.4686985
공기주입기,제주환상길,126.7599088,33.5569269
공기주입기,제주환상길,126.6724942,33.5441014
공기주입기,제주환상길,126.5476026,33.5145354
